export-stand_jos.csv	
export-dreapta_sus.csv
export-stanga_sus.csv
export-ambele_sus.csv
export-dreapta_frontal.csv
export-stanga_frontal.csv
export-sus_frontal.csv
export-frontal_sus.csv
export-sus_lateral.csv
export-lateral_sus.csv
export-lateral_frontal.csv
export-frontal_lateral.csv
export-jos_lateral.csv
export-lateral_jos.csv
export-frontal_frontal.csv
export-lateral_lateral.csv
export-AF_stand_jos.csv
export-AF_dreapta_sus.csv
export-AF_stanga_sus.csv
export-AF_sus_sus.csv
export-AF_frontal_jos.csv
export-AF_jos_frontal.csv
export-AF_sus_frontal.csv
export-AF_frontal_sus.csv
export-AF_sus_lateral.csv
export-AF_lateral_sus.csv
export-AF_lateral_frontal.csv
export-AF_frontal_lateral.csv
export-AF_jos_lateral.csv
export-AF_lateral_jos.csv
export-AF_frontal_frontal.csv
export-AF_lateral_lateral.csv
export-AS_stand_jos.csv
export-AS_dreapta_sus.csv
export-AS_stanga_sus.csv
export-AS_ambele_sus.csv
export-AS_frontal_jos.csv
export-AS_stanga_frontal.csv
export-AS_sus_frontal.csv
export-AS_frontal_sus.csv
export-AS_sus_lateral.csv
export-AS_lateral_sus.csv
export-AS_lateral_frontal.csv
export-AS_frontal_lateral.csv
export-AS_jos_lateral.csv
export-AS_lateral_jos.csv
export-AS_frontal_frontal.csv
export-AS_lateral_lateral.csv
export-AD_stand_jos.csv
export-AD_dreapta_sus.csv
export-AD_stanga_sus.csv
export-AD_sus_sus.csv
export-AD_frontal_jos.csv
export-AD_jos_frontal.csv
export-AD_sus_frontal.csv
export-AD_frontal_sus.csv
export-AD_sus_lateral.csv
export-AD_lateral_sus.csv
export-AD_lateral_frontal.csv
export-AD_frontal_lateral.csv
export-AD_jos_lateral.csv
export-AD_lateral_jos.csv
export-AD_frontal_frontal.csv
export-AD_lateral_lateral.csv
export-asezat_stand_jos.csv
export-asezat_dreapta_sus.csv
export-asezat_stanga_sus.csv
export-asezat_sus_sus.csv
export-asezat_frontal_jos.csv
export-asezat_stanga_frontal.csv
export-asezat_sus_frontal.csv
export-asezat_frontal_sus.csv
export-asezat_sus_lateral.csv
export-asezat_lateral_sus.csv
export-asezat_lateral_frontal.csv
export-asezat_frontal_lateral.csv
export-asezat_jos_lateral.csv
export-asezat_lateral_jos.csv
export-asezat_frontal_frontal.csv
export-asezat_lateral_lateral.csv














